budget,uniform,greedy DR,DR + proportional floor,oracle
0.05,69.50371510335756,101.57920647570111,105.36414306999905,138.7746360906886
0.1,143.46405748487575,199.93570968660822,208.2834047627012,260.64612132138205
0.15,210.12881061102996,296.80975864824546,306.9102861992602,374.0004092929553
0.2,284.3020332494746,393.6580315438985,403.42615546631083,480.4321618662667
0.25,355.6577090039607,487.0205553180484,497.2655467789536,580.8045922635401
0.3,426.60129780477473,579.1809593561484,583.4316419623985,675.6028417491593
0.35,494.2077561017103,664.9363525067756,664.780196016303,765.0764288265177
0.39999999999999997,563.8469295950408,749.0559003846556,740.2261795150955,849.624960882925
0.44999999999999996,637.6137407818562,830.9519026581603,813.3724813512179,929.85928814573
0.49999999999999994,709.1861681365845,909.7955292287401,879.2060022643398,1004.9360981286175
0.5499999999999999,787.1260664947836,983.5822958095991,946.0568887775628,1074.7808015653573
0.6,849.2091036095571,1051.9005241886452,1010.0179134075481,1139.2632909291704
