rural_floor,gain,rural_coverage
0.0,579.1809593561484,0.19316754584275309
0.05,579.1809593561484,0.19316754584275309
0.1,579.1809593561484,0.19316754584275309
0.15000000000000002,579.1809593561484,0.19316754584275309
0.2,579.1809593561484,0.19316754584275309
0.25,579.1809593561484,0.19316754584275309
0.30000000000000004,582.0724700078778,0.22607385079125847
0.35000000000000003,585.3322000832202,0.26375282592313487
0.4,583.7823895605122,0.30143180105501133
0.45,581.9612018937693,0.33911077618688773
0.5,573.3895629752394,0.37678975131876413
0.55,563.8583549516036,0.41446872645064053
0.6000000000000001,554.2436614966296,0.45214770158251694
0.65,541.0874050716038,0.4898266767143934
0.7000000000000001,527.4817983665962,0.5275056518462697
0.75,512.4281101668784,0.5651846269781462
0.8,496.1273424876787,0.6028636021100227
0.8500000000000001,478.9694177555231,0.640542577241899
0.9,460.44359209781896,0.6782215523737755
